{
  "version": 1,
  "author": "Anonymous maker",
  "editor": "wokwi",
  "parts": [
    { "type": "wokwi-arduino-uno", "id": "uno", "top": 77.4, "left": -48.6, "attrs": {} },
    {
      "type": "board-ssd1306",
      "id": "oled1",
      "top": -83.26,
      "left": 29.03,
      "attrs": { "i2cAddress": "0x3c" }
    }
  ],
  "connections": [
    [ "oled1:GND", "uno:GND.2", "black", [ "v-19.2", "h-201.6", "v412.8", "h259.2" ] ],
    [ "oled1:VCC", "uno:5V", "red", [ "v-76.8", "h230.55", "v508.8", "h-201.6" ] ],
    [ "oled1:SCL", "uno:A5", "green", [ "v-38.4", "h278.7", "v412.8" ] ],
    [ "oled1:SDA", "uno:A4", "green", [ "v9.6", "h192.07", "v393.6" ] ]
  ],
  "dependencies": {}
}